"","MI","MO","NE","OK","SD","TX1","TX2","TX3"
"MI",0.823613306489907,0.394616747647876,0.176362731157988,-0.0725930764757989,-0.0292501303644257,-0.226453051971981,-0.0531681959864843,-0.266202747759123
"MO",0.394616747647876,0.715457973685669,-0.102331243877704,0.211822890836063,-0.196690198374912,-0.156776346937376,0.0167235665930524,-0.171568562499335
"NE",0.176362731157988,-0.102331243877704,0.999931804547672,0.0252941382788787,0.256297877109197,-0.0804963162926268,-0.339950935241029,-0.315428547289739
"OK",-0.0725930764757989,0.211822890836063,0.0252941382788787,0.999931804547672,-0.0242150441252205,0.22548498532752,0.206419974360309,-0.0891539895556002
"SD",-0.0292501303644257,-0.196690198374912,0.256297877109197,-0.0242150441252205,0.867293563729233,-0.0631088428882621,-0.20990954694489,-0.278237450624226
"TX1",-0.226453051971981,-0.156776346937376,-0.0804963162926268,0.22548498532752,-0.0631088428882621,0.999931804547672,0.215559523341853,0.359566289774054
"TX2",-0.0531681959864843,0.0167235665930524,-0.339950935241029,0.206419974360309,-0.20990954694489,0.215559523341853,0.979750470061127,0.245867068392641
"TX3",-0.266202747759123,-0.171568562499335,-0.315428547289739,-0.0891539895556002,-0.278237450624226,0.359566289774054,0.245867068392641,0.653326436021805
