"","MI","MO","NE","OK","SD","TX1","TX2","TX3"
"MI",0.218389297581885,-0.21635213172082,-0.143646245763634,-0.0167593774514606,0.161661115201882,0.0226873158128124,0.0189943571548539,0.0124756512930562
"MO",-0.21635213172082,0.481707749317931,0.0522075307233548,0.0106977103788654,-0.233704977747824,-0.0479007975410607,-0.0342332896389133,0.00897857674428752
"NE",-0.143646245763634,0.0522075307233548,0.276301627153155,-0.0923474489368154,-0.136662273405979,-0.0985991629029079,0.00332205862792021,0.0549297979051247
"OK",-0.0167593774514606,0.0106977103788654,-0.0923474489368154,0.196850915852715,0.0735438941869664,0.0299021178903957,-0.0568972087380899,0.0550369177427823
"SD",0.161661115201882,-0.233704977747824,-0.136662273405979,0.0735438941869664,0.178315079390881,0.0540849815264281,0.00746812463928691,0.0166701269185536
"TX1",0.0226873158128124,-0.0479007975410607,-0.0985991629029079,0.0299021178903957,0.0540849815264281,0.150746301503155,0.109066667711482,-0.0789921631695378
"TX2",0.0189943571548539,-0.0342332896389133,0.00332205862792021,-0.0568972087380899,0.00746812463928691,0.109066667711482,0.143684503525655,-0.0453906944019689
"TX3",0.0124756512930562,0.00897857674428752,0.0549297979051247,0.0550369177427823,0.0166701269185536,-0.0789921631695378,-0.0453906944019689,0.126588929904929
