"","MI","MO","NE","OK","SD","TX1","TX2","TX3"
"MI",0.873134594900532,0.247942600495239,0.175163173584128,-0.051005628708731,-0.0105531836701506,-0.182565288495802,-0.0526937968092433,-0.237971123003764
"MO",0.247942600495239,0.753274804313257,-0.0953390820132308,0.126488579811201,0.083689061315294,-0.122313548899601,0.00636451618246339,-0.21492067349838
"NE",0.175163173584128,-0.0953390820132308,0.999931804547672,-0.0424073356536618,0.023517447963702,-0.161458948348633,-0.127921846666165,-0.119486313393873
"OK",-0.051005628708731,0.126488579811201,-0.0424073356536618,0.702155813727369,-0.0254027150916456,0.112101640669665,0.00539436661373257,-0.00792446755747944
"SD",-0.0105531836701506,0.083689061315294,0.023517447963702,-0.0254027150916456,0.809458312448783,-0.098473835684834,-0.0853505077607456,-0.00277001006997384
"TX1",-0.182565288495802,-0.122313548899601,-0.161458948348633,0.112101640669665,-0.098473835684834,0.999931804547672,0.0816728378836794,0.33753692967059
"TX2",-0.0526937968092433,0.00636451618246339,-0.127921846666165,0.00539436661373257,-0.0853505077607456,0.0816728378836794,0.989485494794887,0.0403851789837958
"TX3",-0.237971123003764,-0.21492067349838,-0.119486313393873,-0.00792446755747944,-0.00277001006997384,0.33753692967059,0.0403851789837958,0.652975870878304
