matrix,likelihood
greenup.midwest.tave_5d,-887271.420463196
greenup.all.cgdd_12c_18d,-886529.663725963
greenup.midwest.cgdd_12c_5d,-886497.902461864
greenup.all.tave_10d,-886497.467884539
0.0,0.0
0.0,0.0
0.0,0.0
0.0,0.0
0.0,0.0
0.0,0.0
0.0,0.0
0.0,0.0
0.0,0.0
0.0,0.0
0.0,0.0
0.0,0.0
0.0,0.0
0.0,0.0
