matrix,likelihood
greenup.all.tave_5d,-1839331.67478195
greenup.gulf.cgdd_12c_18d,-1838833.75495091
greenup.gulf.cgdd_12c_5d,-1838757.1949218
greenup.all.tave_10d,-1838743.8339125
greenup.midwest.cgdd_12c_10d,-1838743.83396847
0.0,0.0
0.0,0.0
0.0,0.0
0.0,0.0
0.0,0.0
0.0,0.0
0.0,0.0
0.0,0.0
0.0,0.0
0.0,0.0
0.0,0.0
0.0,0.0
0.0,0.0
