matrix,likelihood
greenup.midwest.tave_5d,-1004266.98533148
greenup.gulf.cgdd_12c_18d,-1003809.72417449
greenup.gulf.cgdd_12c_5d,-1003746.20337628
greenup.all.tave_10d,-1003738.32252267
greenup.all.cgdd_12c_10d,-1003737.72490457
0.0,0.0
0.0,0.0
0.0,0.0
0.0,0.0
0.0,0.0
0.0,0.0
0.0,0.0
0.0,0.0
0.0,0.0
0.0,0.0
0.0,0.0
0.0,0.0
0.0,0.0
