matrix,likelihood
greenup.gulf.tave_5d,-1535169.12627807
greenup.all.cgdd_12c_18d,-1535121.40909724
greenup.midwest.cgdd_12c_5d,-1535115.85792654
greenup.gulf.cgdd_12c_5d,-1535114.81941329
0.0,0.0
0.0,0.0
0.0,0.0
0.0,0.0
0.0,0.0
0.0,0.0
0.0,0.0
0.0,0.0
0.0,0.0
0.0,0.0
0.0,0.0
0.0,0.0
0.0,0.0
0.0,0.0
