matrix,likelihood
greenup.gulf.tave_5d,-1215620.56909523
greenup.midwest.cgdd_12c_5d,-1215248.04670184
greenup.midwest.tave_10d,-1215178.24444559
greenup.midwest.cgdd_12c_18d,-1215168.13883537
greenup.midwest.cgdd_12c_10d,-1215166.31837063
0.0,0.0
0.0,0.0
0.0,0.0
0.0,0.0
0.0,0.0
0.0,0.0
0.0,0.0
0.0,0.0
0.0,0.0
0.0,0.0
0.0,0.0
0.0,0.0
0.0,0.0
