matrix,likelihood
greenup.gulf.tave_5d,-2376287.35260102
greenup.gulf.cgdd_12c_5d,-2375400.83270077
greenup.midwest.tave_10d,-2375160.68839854
greenup.midwest.cgdd_12c_18d,-2375139.71952786
greenup.midwest.tave_18d,-2375137.53907106
greenup.midwest.cgdd_12c_10d,-2375136.0219406
0.0,0.0
0.0,0.0
0.0,0.0
0.0,0.0
0.0,0.0
0.0,0.0
0.0,0.0
0.0,0.0
0.0,0.0
0.0,0.0
0.0,0.0
0.0,0.0
