NumPCs,LINC_FL50
0,3.04602
1,2.10837
2,1.18825
3,1.19794
4,1.10146
5,1.10131
6,1.08748
7,1.07146
8,1.07024
9,1.04137
10,1.0426
11,1.04539
12,1.04092
13,1.04517
14,1.04683
15,1.04096
