NumPCs,KBSM_GR50
0,10.1393
1,1.27458
2,1.07445
3,1.08102
4,1.01054
5,1.01696
6,1.02115
7,1.02354
8,1.01981
9,0.992648
10,0.994549
11,0.996784
12,0.995468
13,0.997635
14,1.00268
15,0.99158
