NumPCs,BRKG_GR50
0,6.00597
1,1.47477
2,1.31661
3,1.13374
4,1.06753
5,1.07539
6,1.06465
7,1.04055
8,1.0185
9,1.02394
10,1.02751
11,1.03114
12,1.03669
13,1.03827
14,1.03788
15,1.02146
