NumPCs,KBSM_FL50
0,3.96344
1,2.60011
2,1.39415
3,1.38361
4,1.20686
5,1.18138
6,1.13266
7,1.11366
8,1.09904
9,1.08655
10,1.07687
11,1.07966
12,1.082
13,1.07166
14,1.07743
15,1.07327
