NumPCs,KING_GR50
0,6.55805
1,1.69998
2,1.15032
3,1.14816
4,1.1337
5,1.0805
6,1.04052
7,1.00071
8,1.00425
9,1.00649
10,1.01272
11,1.00424
12,1.01039
13,1.01067
14,1.01239
15,1.0107
