NumPCs,TMPL_D2F
0,3.92458
1,1.73102
2,1.21277
3,1.21901
4,1.05776
5,1.04464
6,1.04674
7,1.03888
8,1.02783
9,1.0306
10,1.03291
11,1.03433
12,1.03681
13,1.03764
14,1.03822
15,1.04144
