NumPCs,PKLE_GR50
0,22.3096
1,2.8438
2,1.70417
3,1.6805
4,1.53904
5,1.52271
6,1.38528
7,1.35452
8,1.15451
9,1.12705
10,1.13236
11,1.08584
12,1.07832
13,1.06171
14,1.05819
15,1.06077
