NumPCs,OVTN_GR50
0,2.5894
1,1.47046
2,1.18696
3,1.17529
4,1.05425
5,1.04665
6,1.02832
7,1.03202
8,1.0347
9,1.03635
10,1.04247
11,1.04611
12,1.04144
13,1.04391
14,1.05469
15,1.04956
