NumPCs,LINC_GR50
0,5.27511
1,1.51654
2,1.32012
3,1.05416
4,1.04331
5,1.03244
6,1.00854
7,0.996699
8,1.00192
9,1.00179
10,1.00034
11,1.00453
12,1.00238
13,1.00178
14,1.0009
15,1.00543
