NumPCs,TMPL_GR50
0,15.4433
1,2.31607
2,1.8602
3,1.73381
4,1.52183
5,1.4348
6,1.32034
7,1.25449
8,1.13246
9,1.12105
10,1.12435
11,1.09587
12,1.1002
13,1.10061
14,1.1019
15,1.09659
