"","MI","MO","SD","TX1","TX2","TX3"
"MI",0.121493222150309,0.0222584722954157,0.0553920785394735,-0.0769409897632553,-0.241240324203189,0.197616009575608
"MO",0.0222584722954157,0.00407791957573436,0.0101482455048479,-0.0140961681542078,-0.0441970422528638,0.036204739625947
"SD",0.0553920785394735,0.0101482455048479,0.0252547616288189,-0.0350794988596013,-0.109988053231635,0.0900985366041802
"TX1",-0.0769409897632553,-0.0140961681542078,-0.0350794988596013,0.0487263058874621,0.15277617126689,-0.125149132607588
"TX2",-0.241240324203189,-0.0441970422528638,-0.109988053231635,0.15277617126689,0.479013503729941,-0.39239185012955
"TX3",0.197616009575608,0.036204739625947,0.0900985366041802,-0.125149132607588,-0.39239185012955,0.321434287027735
