"","MI","MO","NE","OK","SD","TX1","TX2","TX3"
"MI",0.143463337484812,-0.0806431102819854,0.0418731920954612,-0.00413696741029386,0.0765211211737117,-0.0734681610213019,-0.0268936087124185,0.0546684296848874
"MO",-0.0806431102819854,0.433911486403424,0.0739251286341151,-0.0191501734282819,0.0395325656334677,0.0481780189120822,-0.127287332538094,0.17464758527866
"NE",0.0418731920954612,0.0739251286341151,0.0852993095400656,-0.0184981008051323,0.0326177860527613,-0.0285134674527722,-0.0111194757343171,0.0980682890618258
"OK",-0.00413696741029386,-0.0191501734282819,-0.0184981008051323,0.271742367475798,0.160674237310345,-0.0210836858165097,0.0865718817428228,0.12004579954787
"SD",0.0765211211737117,0.0395325656334677,0.0326177860527613,0.160674237310345,0.173974372075469,-0.0198949707244807,-0.0224813493706932,0.171712052996185
"TX1",-0.0734681610213019,0.0481780189120822,-0.0285134674527722,-0.0210836858165097,-0.0198949707244807,0.125207193756212,-0.0662352235996332,0.00738523839577716
"TX2",-0.0268936087124185,-0.127287332538094,-0.0111194757343171,0.0865718817428228,-0.0224813493706932,-0.0662352235996332,0.154861490553777,-0.0583769884847727
"TX3",0.0546684296848874,0.17464758527866,0.0980682890618258,0.12004579954787,0.171712052996185,0.00738523839577716,-0.0583769884847727,0.252781978171886
