"","MI","MO","NE","OK","SD","TX1","TX2","TX3"
"MI",0.824242195838582,0.451548754283178,0.490875070983802,0.34893036005155,0.450711896371046,0.20866934947062,0.0335408385697789,0.316796866491862
"MO",0.451548754283178,0.715715650520354,0.265887829647164,0.259336056770667,0.330798716857741,0.0914640923789012,-0.0110041028273423,0.286273656261895
"NE",0.490875070983802,0.265887829647164,1.00065079078191,0.386110833491604,0.641092774675273,0.355899924309883,0.000840848786384154,0.636714652238478
"OK",0.34893036005155,0.259336056770667,0.386110833491604,0.999961535650966,0.39019072309955,0.0010804422731428,0.0224370955291325,0.32068460005123
"SD",0.450711896371046,0.330798716857741,0.641092774675273,0.39019072309955,0.870840592838365,0.404036518624741,0.0375497895502324,0.706074078705655
"TX1",0.20866934947062,0.0914640923789012,0.355899924309883,0.0010804422731428,0.404036518624741,1.00064142008859,0.0331335402333766,0.525362252475202
"TX2",0.0335408385697789,-0.0110041028273423,0.000840848786384154,0.0224370955291325,0.0375497895502324,0.0331335402333766,0.979754392036916,0.038879778880426
"TX3",0.316796866491862,0.286273656261895,0.636714652238478,0.32068460005123,0.706074078705655,0.525362252475202,0.038879778880426,0.664920482511394
