"","MI","MO","NE","OK","SD","TX1","TX2","TX3"
"MI",0.870456150081242,0.448558706110227,0.469011121474055,0.3618839184156,0.469690405552602,0.191240415641741,0.0365823609479279,0.31172527056627
"MO",0.448558706110227,0.923993360071928,0.242127947696591,0.253959207588404,0.327087658035682,0.089673256535174,-0.0127659667034921,0.281653794988913
"NE",0.469011121474055,0.242127947696591,1.00095466215321,0.396170326119354,0.639221504240697,0.355448040674258,0.031721696055274,0.645136053811503
"OK",0.3618839184156,0.253959207588404,0.396170326119354,0.836586120537243,0.377223376843197,-0.00858051341122258,0.032555195389342,0.325990102419788
"SD",0.469690405552602,0.327087658035682,0.639221504240697,0.377223376843197,1.00200164811727,0.406523465702258,0.0760100606038838,0.714275212793841
"TX1",0.191240415641741,0.089673256535174,0.355448040674258,-0.00858051341122258,0.406523465702258,1.00071781417206,0.0280197499756128,0.515700969988922
"TX2",0.0365823609479279,-0.0127659667034921,0.031721696055274,0.032555195389342,0.0760100606038838,0.0280197499756128,0.994263270286775,0.0818903571932585
"TX3",0.31172527056627,0.281653794988913,0.645136053811503,0.325990102419788,0.714275212793841,0.515700969988922,0.0818903571932585,0.642675884467126
