"","MI","MO","NE","OK","SD","TX1","TX2","TX3"
"MI",0.867628397789084,0.453271403907311,0.484192697228399,0.360901555708539,0.463280159177153,0.199217997979717,0.0282637344629305,0.317503318463671
"MO",0.453271403907311,0.81127735205371,0.25194071515963,0.255216988814358,0.332235720651658,0.089134106649538,-0.00245241903573824,0.281554030489777
"NE",0.484192697228399,0.25194071515963,1.00101842530909,0.391908063903762,0.642310491433923,0.356840517943541,0.0109359744158575,0.638798886146975
"OK",0.360901555708539,0.255216988814358,0.391908063903762,0.988737911228932,0.382798969195669,-0.00315270254002072,0.0272662770586287,0.324108943870258
"SD",0.463280159177153,0.332235720651658,0.642310491433923,0.382798969195669,0.949235360531003,0.410445433720864,0.0539623923828314,0.712561956586729
"TX1",0.199217997979717,0.089134106649538,0.356840517943541,-0.00315270254002072,0.410445433720864,1.00080518526726,0.0412730773477168,0.517984460884153
"TX2",0.0282637344629305,-0.00245241903573824,0.0109359744158575,0.0272662770586287,0.0539623923828314,0.0412730773477168,0.999942869267122,0.0632895856506885
"TX3",0.317503318463671,0.281554030489777,0.638798886146975,0.324108943870258,0.712561956586729,0.517984460884153,0.0632895856506885,0.644624373967158
