"","MI","MO","NE","OK","SD","TX1","TX2","TX3"
"MI",0.999931804547672,0.480408989337744,0.452122444827061,0.351215247214271,0.448440486565552,0.197793054798879,0.135765323653051,0.32708056716829
"MO",0.480408989337744,0.999931804547672,0.292263749969336,0.264882806269579,0.312153246596935,0.120186261094752,0.0479922359491198,0.302269027753519
"NE",0.452122444827061,0.292263749969336,0.999931804547672,0.410651953484517,0.622879303461606,0.358471473166686,0.117740891844317,0.668843952776289
"OK",0.351215247214271,0.264882806269579,0.410651953484517,0.962034495292509,0.395700817953038,-0.0107352218347343,0.0967234936440024,0.319255226984303
"SD",0.448440486565552,0.312153246596935,0.622879303461606,0.395700817953038,0.999931804547672,0.388022961732237,0.189269470956932,0.754286480286075
"TX1",0.197793054798879,0.120186261094752,0.358471473166686,-0.0107352218347343,0.388022961732237,0.999931804547672,0.106638219516225,0.518325887755975
"TX2",0.135765323653051,0.0479922359491198,0.117740891844317,0.0967234936440024,0.189269470956932,0.106638219516225,0.999931804547672,0.133744648320819
"TX3",0.32708056716829,0.302269027753519,0.668843952776289,0.319255226984303,0.754286480286075,0.518325887755975,0.133744648320819,0.927454977453167
