"","MI","MO","NE","OK","SD","TX1","TX2","TX3"
"MI",0.806795857484843,0.472965057304621,0.419981103043876,0.327660079650474,0.422263850024925,0.194421063233539,0.111746290293737,0.314182848896148
"MO",0.472965057304621,0.582677764107651,0.270009960800401,0.273299629797984,0.328607145602592,0.102977715805053,0.0180290675086847,0.29005507114891
"NE",0.419981103043876,0.270009960800401,0.65052228719928,0.406359754544406,0.63949589781574,0.363492334436495,0.088271388975904,0.650036524617502
"OK",0.327660079650474,0.273299629797984,0.406359754544406,0.718047075220917,0.378748024622486,-0.00143716937983449,0.0714445520437428,0.332071532267515
"SD",0.422263850024925,0.328607145602592,0.63949589781574,0.378748024622486,0.665209422155883,0.410451226257567,0.151189038877902,0.682676659802507
"TX1",0.194421063233539,0.102977715805053,0.363492334436495,-0.00143716937983449,0.410451226257567,1.00072917606906,0.0733360933666701,0.51694679724415
"TX2",0.111746290293737,0.0180290675086847,0.088271388975904,0.0714445520437428,0.151189038877902,0.0733360933666701,0.792469432901797,0.12708233401351
"TX3",0.314182848896148,0.29005507114891,0.650036524617502,0.332071532267515,0.682676659802507,0.51694679724415,0.12708233401351,0.738764598511272
