"","MI","MO","NE","OK","SD","TX1","TX2","TX3"
"MI",0.87465637604592,0.474869917579188,0.43587372189224,0.341236252594698,0.444282135293747,0.197157094985582,0.0995404220155879,0.311234689089712
"MO",0.474869917579188,0.753752005307179,0.265262391940604,0.263238624528434,0.323432784469925,0.102665467237472,0.0163660007101406,0.286085822116401
"NE",0.43587372189224,0.265262391940604,1.00155418279655,0.409637327027343,0.637898583151416,0.364348181965263,0.0793518647645339,0.65626563107267
"OK",0.341236252594698,0.263238624528434,0.409637327027343,0.702217928642252,0.390419023506191,-0.00576643613752107,0.0600973851591871,0.327390505600007
"SD",0.444282135293747,0.323432784469925,0.637898583151416,0.390419023506191,0.825100020036625,0.406863687943392,0.143148606236697,0.715282769070037
"TX1",0.197157094985582,0.102665467237472,0.364348181965263,-0.00576643613752107,0.406863687943392,1.00149295121532,0.0677358926298926,0.516822739240752
"TX2",0.0995404220155879,0.0163660007101406,0.0793518647645339,0.0600973851591871,0.143148606236697,0.0677358926298926,0.989491874606995,0.120252579357889
"TX3",0.311234689089712,0.286085822116401,0.65626563107267,0.327390505600007,0.715282769070037,0.516822739240752,0.120252579357889,0.690270775531649
