"","MI","MO","NE","OK","SD","TX1","TX2","TX3"
"MI",1.00927286939318,0.136507289887248,0.0412876564681331,0.569445362157692,0.159152187969817,-0.0519809832654382,-0.161711856032226,0.23227160181717
"MO",0.136507289887248,0.999933609351869,0.09239513151831,0.161292159175239,0.194117198263725,-0.183237962225554,-0.113041366017986,0.0744626964504683
"NE",0.0412876564681331,0.09239513151831,1.00555339596525,0.294588921783764,0.137704637400012,0.205916605217677,-0.0475097115186845,-0.0217461965513821
"OK",0.569445362157692,0.161292159175239,0.294588921783764,1.01661511008893,0.122532183430597,-0.601118320308563,-0.348348095206236,0.0283233548074886
"SD",0.159152187969817,0.194117198263725,0.137704637400012,0.122532183430597,1.00432379491832,-0.266751077926806,0.243849248114202,-0.0253875833761428
"TX1",-0.0519809832654382,-0.183237962225554,0.205916605217677,-0.601118320308563,-0.266751077926806,1.02125422849533,0.480082426854151,-0.188514141994083
"TX2",-0.161711856032226,-0.113041366017986,-0.0475097115186845,-0.348348095206236,0.243849248114202,0.480082426854151,1.00455009834483,0.142644085793851
"TX3",0.23227160181717,0.0744626964504683,-0.0217461965513821,0.0283233548074886,-0.0253875833761428,-0.188514141994083,0.142644085793851,1.00304473441051
