"","MI","MO","NE","OK","SD","TX1","TX2","TX3"
"MI",0.818421678489542,-0.175542647397763,0.106107568505198,0.403226776874172,-0.0641226995575169,-0.107680027221614,0.0936960762253661,-0.147562954209666
"MO",-0.175542647397763,0.719192678004665,-0.172495160318086,0.107569707563704,-0.026986298580316,0.251225396265856,-0.108480558256649,-0.125293062114288
"NE",0.106107568505198,-0.172495160318086,1.00471032913083,0.334919610091878,-0.128971569985321,-0.406577779964273,-0.0300355589547142,0.266493566149218
"OK",0.403226776874172,0.107569707563704,0.334919610091878,0.917108222659995,-0.150120190434722,0.395482979586761,0.318855374935244,-0.109560867333704
"SD",-0.0641226995575169,-0.026986298580316,-0.128971569985321,-0.150120190434722,0.878433352924131,0.0620552505856521,0.128610934633915,0.103926058306915
"TX1",-0.107680027221614,0.251225396265856,-0.406577779964273,0.395482979586761,0.0620552505856521,1.00562734309343,0.431112809264946,0.224183967116097
"TX2",0.0936960762253661,-0.108480558256649,-0.0300355589547142,0.318855374935244,0.128610934633915,0.431112809264946,0.999932323630147,0.135678491179735
"TX3",-0.147562954209666,-0.125293062114288,0.266493566149218,-0.109560867333704,0.103926058306915,0.224183967116097,0.135678491179735,0.650502896269346
