"","MI","MO","NE","OK","SD","TX1","TX2","TX3"
"MI",1.00748804269518,0.132099673591392,0.0409191836973327,0.569094426603426,0.159705086913326,-0.0267060910350393,-0.186025770485235,0.0956758327369673
"MO",0.132099673591392,0.999962736001241,0.0892745346150856,0.155635133613138,0.193073884439314,-0.19100831548312,-0.117241004737014,0.00452870890246904
"NE",0.0409191836973327,0.0892745346150856,1.00580880676307,0.295259614684407,0.13808419458751,0.259595161604327,-0.037317618501664,0.000759190054351159
"OK",0.569094426603426,0.155635133613138,0.295259614684407,1.01189166240237,0.117800132329964,-0.520544623026368,-0.387225422288932,-0.131239757007818
"SD",0.159705086913326,0.193073884439314,0.13808419458751,0.117800132329964,1.00376234503666,-0.257885387705503,0.234165836637862,0.0747349318242565
"TX1",-0.0267060910350393,-0.19100831548312,0.259595161604327,-0.520544623026368,-0.257885387705503,1.01924785499427,0.538494980434739,-0.0658110616580487
"TX2",-0.186025770485235,-0.117241004737014,-0.037317618501664,-0.387225422288932,0.234165836637862,0.538494980434739,1.00732106730506,0.363956096082831
"TX3",0.0956758327369673,0.00452870890246904,0.000759190054351159,-0.131239757007818,0.0747349318242565,-0.0658110616580487,0.363956096082831,1.00333245230111
