"","MI","MO","NE","OK","SD","TX1","TX2","TX3"
"MI",0.587412872846922,-0.0427674919645032,-0.125320977519672,-0.0858910086576532,0.0293267408015089,0.000230712459661086,0.0606428442723298,0.165961873231658
"MO",-0.0427674919645032,0.487920485422118,-0.18305648308698,0.0262745529787264,0.125440999267629,-0.210813776091334,-0.267223072244962,-0.000754545467305131
"NE",-0.125320977519672,-0.18305648308698,0.58767005852236,0.179172625342176,0.183913617764621,0.102672411219528,-0.00803555252531899,0.252344061524897
"OK",-0.0858910086576532,0.0262745529787264,0.179172625342176,0.690872534103595,-0.219245996498695,0.44218374183776,0.0317255265463065,-0.137216153544456
"SD",0.0293267408015089,0.125440999267629,0.183913617764621,-0.219245996498695,0.600503237941023,0.122095988806336,-0.242011550791353,0.317799816699762
"TX1",0.000230712459661086,-0.210813776091334,0.102672411219528,0.44218374183776,0.122095988806336,1.01410160295313,0.140574827171997,0.0923768742880016
"TX2",0.0606428442723298,-0.267223072244962,-0.00803555252531899,0.0317255265463065,-0.242011550791353,0.140574827171997,0.870446154810785,-0.0822311096180785
"TX3",0.165961873231658,-0.000754545467305131,0.252344061524897,-0.137216153544456,0.317799816699762,0.0923768742880016,-0.0822311096180785,0.615632891475921
