"","MI","MO","NE","OK","SD","TX1","TX2","TX3"
"MI",0.822369018009806,0.391318002600765,-0.145606195276375,-0.0863312483137335,-0.181706435674091,-0.203221198065639,0.0926321439565072,-0.157992086349994
"MO",0.391318002600765,0.764222685550144,0.165356877981675,0.250581767937956,-0.0705837103987685,-0.122032596154357,0.148353046964026,-0.166957961086182
"NE",-0.145606195276375,0.165356877981675,0.999931804547672,0.00140502339670871,-0.0817679180293936,0.0246709766510652,0.00545972365008193,0.0484373436173726
"OK",-0.0863312483137335,0.250581767937956,0.00140502339670871,0.999931804547672,0.201736297883734,0.141185877233344,-0.00511778648874459,-0.242763144852972
"SD",-0.181706435674091,-0.0705837103987685,-0.0817679180293936,0.201736297883734,0.93142834438299,-0.0714455302697113,-0.129893381020312,-0.0515617502975326
"TX1",-0.203221198065639,-0.122032596154357,0.0246709766510652,0.141185877233344,-0.0714455302697113,0.999931804547672,0.0440404458289047,0.327127125085887
"TX2",0.0926321439565072,0.148353046964026,0.00545972365008193,-0.00511778648874459,-0.129893381020312,0.0440404458289047,0.982369594793174,-0.0360871446375342
"TX3",-0.157992086349994,-0.166957961086182,0.0484373436173726,-0.242763144852972,-0.0515617502975326,0.327127125085887,-0.0360871446375342,0.619833163372736
