"","MI","MO","NE","OK","SD","TX1","TX2","TX3"
"MI",0.335569919278561,-0.0564386501373021,-0.0906461173890622,0.0174209826894235,0.0855104494859022,-0.203386660873218,0.0290750603942588,0.113334366340345
"MO",-0.0564386501373021,0.153209337617414,0.110933732497062,-0.0473528326837797,0.0462716696816676,0.0167046870350415,-0.00623817142337233,-0.0344715684296189
"NE",-0.0906461173890622,0.110933732497062,0.200778913035275,-0.244906393543785,0.0736737211916867,0.14104895830877,0.0585471880885759,0.027207401565312
"OK",0.0174209826894235,-0.0473528326837797,-0.244906393543785,0.470560636429606,-0.225575766045346,-0.203711311677463,-0.0965663677857728,-0.0941922274323731
"SD",0.0855104494859022,0.0462716696816676,0.0736737211916867,-0.225575766045346,1.00036238072133,-0.0222283570272245,0.027026038694834,-0.053185624543674
"TX1",-0.203386660873218,0.0167046870350415,0.14104895830877,-0.203711311677463,-0.0222283570272245,0.253343975361159,0.0632492718387872,-0.145375010840576
"TX2",0.0290750603942588,-0.00623817142337233,0.0585471880885759,-0.0965663677857728,0.027026038694834,0.0632492718387872,0.0822306316872321,-0.0558251952528772
"TX3",0.113334366340345,-0.0344715684296189,0.027207401565312,-0.0941922274323731,-0.053185624543674,-0.145375010840576,-0.0558251952528772,0.592820318156024
