"","MI","MO","NE","OK","SD","TX1","TX2","TX3"
"MI",1.00967115383699,0.134989584481851,0.0419794160667654,0.568207529394932,0.158620332387707,-0.0436426395313955,-0.170382829194616,0.19504164775837
"MO",0.134989584481851,0.999940234598942,0.0913239821337724,0.15946252592419,0.19380273182784,-0.18752001811746,-0.114913529783332,0.0544993033205374
"NE",0.0419794160667654,0.0913239821337724,1.00628535933571,0.293850781652329,0.137257238095877,0.227410395514981,-0.0429859932267356,-0.0157287839478833
"OK",0.568207529394932,0.15946252592419,0.293850781652329,1.01639843541761,0.121810094552424,-0.571955939184975,-0.364906142792364,-0.0267949714273522
"SD",0.158620332387707,0.19380273182784,0.137257238095877,0.121810094552424,1.00464648697793,-0.263835938030318,0.239689654203309,0.00605499080133477
"TX1",-0.0436426395313955,-0.18752001811746,0.227410395514981,-0.571955939184975,-0.263835938030318,1.0229950436222,0.504451824359725,-0.158304869422783
"TX2",-0.170382829194616,-0.114913529783332,-0.0429859932267356,-0.364906142792364,0.239689654203309,0.504451824359725,1.00614043819377,0.213510604435726
"TX3",0.19504164775837,0.0544993033205374,-0.0157287839478833,-0.0267949714273522,0.00605499080133477,-0.158304869422783,0.213510604435726,1.00371347139562
