"","MI","MO","NE","OK","SD","TX1","TX2","TX3"
"MI",0.879170612487297,-0.11405396978853,-0.0412494322711602,0.265772693503566,-0.110246796610143,-0.242196514585774,0.00512284325115852,-0.139006697448085
"MO",-0.11405396978853,0.758490154912136,-0.233417393050912,0.121255605522523,0.102690746600059,-0.0871718357627358,-0.292898730472344,-0.0699682599475723
"NE",-0.0412494322711602,-0.233417393050912,1.00586593242813,0.271514303046039,-0.0772563590448515,0.107311499476275,0.10613034435045,0.299335036315438
"OK",0.265772693503566,0.121255605522523,0.271514303046039,0.729369462344774,-0.190983718858872,0.451802656260807,0.12654369055038,-0.128337753821819
"SD",-0.110246796610143,0.102690746600059,-0.0772563590448515,-0.190983718858872,0.809974495185153,0.0613408252725013,-0.134493374069202,0.13384110991724
"TX1",-0.242196514585774,-0.0871718357627358,0.107311499476275,0.451802656260807,0.0613408252725013,1.01370222565614,0.25957170870856,0.301091545644664
"TX2",0.00512284325115852,-0.292898730472344,0.10613034435045,0.12654369055038,-0.134493374069202,0.25957170870856,0.989524550241003,0.0676270519015678
"TX3",-0.139006697448085,-0.0699682599475723,0.299335036315438,-0.128337753821819,0.13384110991724,0.301091545644664,0.0676270519015678,0.66150484787357
