"","MI","MO","NE","OK","SD","TX1","TX2","TX3"
"MI",0.999931804547672,0.253948716437505,0.0208929816907369,0.558126965233076,0.174402049191633,-0.0719769936565769,0.280797097355949,0.348786561913857
"MO",0.253948716437505,0.999931804547672,0.183947764197162,0.277855758400657,0.222609480168403,0.187205268417135,0.217591141000001,0.228635001611665
"NE",0.0208929816907369,0.183947764197162,0.999931804547672,0.269247728786983,0.128204461156877,-0.362832910290097,-0.00122451611116752,0.00648470159473649
"OK",0.558126965233076,0.277855758400657,0.269247728786983,0.988158738796294,0.189533663694067,0.343476953043047,0.550717327801584,0.330053759379366
"SD",0.174402049191633,0.222609480168403,0.128204461156877,0.189533663694067,0.999931804547672,0.183845372291902,-0.126697487044594,-0.178854219716017
"TX1",-0.0719769936565769,0.187205268417135,-0.362832910290097,0.343476953043047,0.183845372291902,0.999931804547672,0.58792409399283,0.379446305156182
"TX2",0.280797097355949,0.217591141000001,-0.00122451611116752,0.550717327801584,-0.126697487044594,0.58792409399283,0.999931804547672,0.396898615025035
"TX3",0.348786561913857,0.228635001611665,0.00648470159473649,0.330053759379366,-0.178854219716017,0.379446305156182,0.396898615025035,0.95456554750718
