"","MI","MO","NE","OK","SD","TX1","TX2","TX3"
"MI",1.00903181203823,0.133507999525917,0.0418475433031296,0.568158412465735,0.158846277736606,-0.0352370195089032,-0.178326775140523,0.149038251751245
"MO",0.133507999525917,0.999950964463832,0.09027265311564,0.157592225590462,0.193464461290506,-0.189859255246458,-0.116289697072088,0.0308136159594179
"NE",0.0418475433031296,0.09027265311564,1.0063851296599,0.294097635283527,0.137398631692817,0.244856455592747,-0.0395410472136557,-0.00800347604670815
"OK",0.568158412465735,0.157592225590462,0.294097635283527,1.01472844120945,0.120171483003699,-0.544618969257864,-0.377734342095012,-0.0827266176438243
"SD",0.158846277736606,0.193464461290506,0.137398631692817,0.120171483003699,1.0044228441978,-0.260662017349806,0.236430706383816,0.0403662600305759
"TX1",-0.0352370195089032,-0.189859255246458,0.244856455592747,-0.544618969257864,-0.260662017349806,1.02226167991565,0.523204027459264,-0.116302017455619
"TX2",-0.178326775140523,-0.116289697072088,-0.0395410472136557,-0.377734342095012,0.236430706383816,0.523204027459264,1.00720433946729,0.289564899035929
"TX3",0.149038251751245,0.0308136159594179,-0.00800347604670815,-0.0827266176438243,0.0403662600305759,-0.116302017455619,0.289564899035929,1.00385420290492
