"","MI","MO","NE","OK","SD","TX1","TX2","TX3"
"MI",0.799238790167939,-0.137454802392795,-0.104037766887478,0.266486869117264,-0.0661547754349386,-0.243086640145584,-0.0281445081436022,-0.189070239242208
"MO",-0.137454802392795,0.732845703651427,-0.22788215122024,0.114847844300931,0.142838899746587,-0.061925463674826,-0.320954677124597,-0.0669769100932651
"NE",-0.104037766887478,-0.22788215122024,0.693541116469272,0.208661517101031,0.0607629049987364,0.235871230150237,0.091366072840556,0.375489393310977
"OK",0.266486869117264,0.114847844300931,0.208661517101031,0.929765796984392,-0.300281190926377,0.477141649226767,0.058003834868757,-0.171908507051756
"SD",-0.0661547754349386,0.142838899746587,0.0607629049987364,-0.300281190926377,0.624643305854342,0.137061169721096,-0.149543184830492,0.222859590781105
"TX1",-0.243086640145584,-0.061925463674826,0.235871230150237,0.477141649226767,0.137061169721096,1.00404045792993,0.17846691064526,0.17630359243678
"TX2",-0.0281445081436022,-0.320954677124597,0.091366072840556,0.058003834868757,-0.149543184830492,0.17846691064526,0.757840686019324,0.0234867057264983
"TX3",-0.189070239242208,-0.0669769100932651,0.375489393310977,-0.171908507051756,0.222859590781105,0.17630359243678,0.0234867057264983,0.55467333361648
