"","MI","MO","NE","OK","SD","TX1","TX2","TX3"
"MI",1.00763223686024,0.138030871232757,0.0396754464309801,0.572303024454808,0.160587049073408,-0.0601158383899521,-0.15176713763387,0.261321439164646
"MO",0.138030871232757,0.999931857501527,0.0934620223225155,0.163118944090317,0.194433576584137,-0.17596294356682,-0.110539721008596,0.0905939364984452
"NE",0.0396754464309801,0.0934620223225155,1.00416171466211,0.296571535559453,0.138806568827523,0.178824512125888,-0.0530329353318807,-0.0258088353058894
"OK",0.572303024454808,0.163118944090317,0.296571535559453,1.01461219260493,0.122030235517659,-0.629360443726624,-0.32737984401116,0.0753645904724608
"SD",0.160587049073408,0.194433576584137,0.138806568827523,0.122030235517659,1.00335477272049,-0.268274307007586,0.248766582426728,-0.0525057032551702
"TX1",-0.0601158383899521,-0.17596294356682,0.178824512125888,-0.629360443726624,-0.268274307007586,1.01665408938918,0.44757839042018,-0.205005109144822
"TX2",-0.15176713763387,-0.110539721008596,-0.0530329353318807,-0.32737984401116,0.248766582426728,0.44757839042018,1.00275572526966,0.0811431535798667
"TX3",0.261321439164646,0.0905939364984452,-0.0258088353058894,0.0753645904724608,-0.0525057032551702,-0.205005109144822,0.0811431535798667,1.00204253274576
