"","MI","MO","NE","OK","SD","TX1","TX2","TX3"
"MI",0.855974450107043,-0.103719867676107,0.0638319539948682,0.336539309440584,-0.0365257228860652,-0.108520428792615,0.072930358626969,-0.148327393727643
"MO",-0.103719867676107,0.709707487254458,-0.177163392544721,0.143808851262029,0.0173861337563534,0.291616751319819,-0.0464904312620871,-0.126811122742051
"NE",0.0638319539948682,-0.177163392544721,1.00123692443403,0.274363943302551,-0.145397961624373,-0.290681610117566,-0.0190385526019583,0.308640422696341
"OK",0.336539309440584,0.143808851262029,0.274363943302551,0.781241487398979,-0.118422741390507,0.447764025938084,0.23641269917017,-0.0824387090990491
"SD",-0.0365257228860652,0.0173861337563534,-0.145397961624373,-0.118422741390507,0.898281070812834,0.083730555547713,0.0502748081292989,0.0871172284037515
"TX1",-0.108520428792615,0.291616751319819,-0.290681610117566,0.447764025938084,0.083730555547713,1.01232345779146,0.390881561914137,0.271158095734954
"TX2",0.072930358626969,-0.0464904312620871,-0.0190385526019583,0.23641269917017,0.0502748081292989,0.390881561914137,1.00007608432201,0.0698152035100524
"TX3",-0.148327393727643,-0.126811122742051,0.308640422696341,-0.0824387090990491,0.0871172284037515,0.271158095734954,0.0698152035100524,0.681413768544245
