"","MI","MO","NE","OK","SD","TX1","TX2","TX3"
"MI",0.871669834903029,-0.0510504144741431,-0.0318548707145919,0.285068779235151,-0.0346410217115945,-0.139416443198288,0.078343092802248,-0.119268687711578
"MO",-0.0510504144741431,0.758079868173548,-0.191854249873312,0.127149648686063,0.0108919875584604,-0.143056631150774,-0.213413512834754,-0.129873500672202
"NE",-0.0318548707145919,-0.191854249873312,1.01443209718669,0.271513270532094,-0.135492765347876,-0.0905657163403046,0.0363429823942318,0.29041947081759
"OK",0.285068779235151,0.127149648686063,0.271513270532094,0.683218580866842,-0.13577374530761,0.445918018057292,0.178224517013057,-0.063920302582336
"SD",-0.0346410217115945,0.0108919875584604,-0.135492765347876,-0.13577374530761,0.998127062040123,0.0525291186837198,-0.0218663431134629,0.0912895217927142
"TX1",-0.139416443198288,-0.143056631150774,-0.0905657163403046,0.445918018057292,0.0525291186837198,1.02570725363404,0.30845068485436,0.292121648350913
"TX2",0.078343092802248,-0.213413512834754,0.0363429823942318,0.178224517013057,-0.0218663431134629,0.30845068485436,0.99993289076696,0.0296087312666334
"TX3",-0.119268687711578,-0.129873500672202,0.29041947081759,-0.063920302582336,0.0912895217927142,0.292121648350913,0.0296087312666334,0.698070444971767
