matrix,likelihood
greenup.identity.csv,-1832993.94942002
greenup.simple_het_1.csv,-1832119.2163817
greenup.gulf.tave_10d.U.mat.csv,-1832113.90056467
greenup.gulf.random.PCA_2.csv,-1832112.07282531
0.0,0.0
0.0,0.0
0.0,0.0
0.0,0.0
0.0,0.0
0.0,0.0
0.0,0.0
0.0,0.0
0.0,0.0
0.0,0.0
0.0,0.0
0.0,0.0
0.0,0.0
0.0,0.0
0.0,0.0
0.0,0.0
0.0,0.0
0.0,0.0
0.0,0.0
0.0,0.0
0.0,0.0
