NumPCs,trait,lambda_GC
19,frac_dead.x,1.0207016330819587
19,frac_dead.y,1.0207016330819587
