NumPCs,frac_dead
19,1.0207016330819587
20,1.0189268911815708
