NumPCs,frac_dead
0,5.4300255148554255
1,5.694932938734286
2,3.278532198109809
3,1.4907611958987652
4,1.502209063495518
5,1.4714777731437203
6,1.4769740162305103
