,lodindex,lodcolumn,chr,pos,lod,ci_lo,ci_hi,flank_lo,flank_hi
1,1,FL50,2K,81.8231249,16.3161262,80.3863334,85.7409205,Chr02K_63.664705,Chr02K_65.441197
2,1,FL50,2N,78.7234996,29.31348848,70.0175627,80.7813049,Chr02N_57.985512,Chr02N_61.274395
3,1,FL50,3K,39.4017978,17.43872767,37.2285477,49.9889913,Chr03K_17.368264,Chr03K_26.170048
4,1,FL50,4K,7.7621614,24.59473285,1.3470216,9.964211,Chr04K_2.280313,Chr04K_5.499253
5,1,FL50,5N,5.5268391,27.71938075,0,9.3282408,Chr05N_1.464967,Chr05N_4.328965
6,1,FL50,5N,84.7322801,24.37597122,76.5470331,87.8683268,Chr05N_58.243942,Chr05N_65.981629
7,1,FL50,8N,16.1535476,16.23637958,3.8424331,22.8897186,Chr08N_5.897287,Chr08N_34.415808
8,1,FL50,9K,41.5810369,18.08400887,37.9879471,44.2967924,Chr09K_13.655791,Chr09K_17.985889
