Chr,Pos_lo,Pos_hi,inQTLandBF,inBF,notinBF,inQTL,pvalue,subpop,lod,lodcolumn,pos
Chr02K,63660000,65440000,3,310,63057,182,0.012594806755003500,M,21.2654309582329,FL50,81.9047066
Chr02N,58070000,61270000,1,358,35377,124,0.3531699524319680,B,33.7544827005477,FL50,73.0648032
Chr03K,17930000,26170000,2,505,49985,379,0.7321568489489010,"G, M, B",19.5392664215303,FL50,48.8646253
Chr04K,2280000,5500000,1,505,49985,211,0.6250761402534620,"G, M, B",24.837176660298800,FL50,7.7621614
Chr05N,2040000,4330000,1,505,49985,195,0.5822309777437400,"G, B",28.7121631796921,FL50,6.0730412
Chr05N,63830000,65980000.00000000,4,505,49985,162,0.023928820589584500,"G, B",33.3958125894174,dyln_change_sec_2d_prior,85.8462548
Chr08N,13470000,34420000,18,505,49985,684,7.58898475753404E-05,"G, M, B",18.1367881167826,FL50,17.3886695
Chr09K,13100000,17670000,2,505,49985,240,0.43118484507827900,"G, M, B",15.8795601088049,FL50,41.5810369
