Chr,Pos_lo,Pos_hi,inQTLandBF,inBF,notinBF,inQTL,pvalue,subpop,lod,lodcolumn,pos
Chr05N,63830000,65260000.00000000,1,491,48539,74,0.16965734124016900,"M, B",22.5378973659885,dyln_change_sec,85.8462548
Chr08K,38790000,41430000,1,491,48539,116,0.3238313913145590,"M, B",18.9722320211279,GR50,28.9380806
Chr09N,15150000,19550000,2,460,45471,206,0.3405117635825420,"G, B",19.3833323029659,dyln_change_sec,39.2630919