 ,MI,MO,NE,SD,TX1,TX2,TX3
MI,-0.2351217435866417,0.9258507269966683,0.9562720049843214,0.9579657548206765,0.48268659191109187,0.8131512452371914,0.8061837079452622
MO,0.9258507269966683,-0.5377933304496093,0.9050795130683085,0.9110881268708102,0.5726224906875713,0.8472555313497018,0.7811958348864231
NE,0.9562720049843214,0.9050795130683085,-0.3629585044781451,0.910307751719023,0.4781871099036527,0.8159721721304358,0.8169559473406223
SD,0.9579657548206765,0.9110881268708102,0.910307751719023,-0.1609353572124631,0.4398871246720181,0.8274573813119777,0.8146227573537415
TX1,0.48268659191109187,0.5726224906875713,0.4781871099036527,0.4398871246720181,-14.835955929718835,0.6612944987222806,0.5232024699525317
TX2,0.8131512452371914,0.8472555313497018,0.8159721721304358,0.8274573813119777,0.6612944987222806,-11.90609568829117,0.8211205557710473
TX3,0.8061837079452622,0.7811958348864231,0.8169559473406223,0.8146227573537415,0.5232024699525317,0.8211205557710473,-1.0185591759595414
