 ,MI,MO,NE,OK,SD,TX1,TX2,TX3
MI,0.2857882062659297,0.058661296143155725,0.2651348216939873,-0.026148413582765952,0.33639652127956104,-0.42273365959082115,-0.3074694686109285,-0.2493422728621748
MO,0.058661296143155725,0.12239099408775155,-0.04198700051951952,0.07341324090691058,0.1369213913629707,-0.0012191352394277921,0.09233285480821475,0.0218287594786979
NE,0.2651348216939873,-0.04198700051951952,0.20619805455629883,-0.24041292701495368,0.21216439936945328,-0.2622555408087757,-0.4129399439824827,-0.30844728455366577
OK,-0.026148413582765952,0.07341324090691058,-0.24041292701495368,0.14517911908677347,-0.050738705738191246,-0.039632306673862,0.24467848942735576,0.047646213311673805
SD,0.33639652127956104,0.1369213913629707,0.21216439936945328,-0.050738705738191246,0.28537029955124005,-0.1302689946431938,-0.031233201342441834,-0.06325811491874803
TX1,-0.42273365959082115,-0.0012191352394277921,-0.2622555408087757,-0.039632306673862,-0.1302689946431938,0.12918776057575354,0.269022705294092,0.26309073989406834
TX2,-0.3074694686109285,0.09233285480821475,-0.4129399439824827,0.24467848942735576,-0.031233201342441834,0.269022705294092,0.22889368672047658,0.2958571622940208
TX3,-0.2493422728621748,0.0218287594786979,-0.30844728455366577,0.047646213311673805,-0.06325811491874803,0.26309073989406834,0.2958571622940208,0.11137560363136022
