 ,MI,MO,NE,SD,TX1,TX2,TX3
MI,0.5635284080899172,0.09657368521921796,-0.19046684497879418,-0.07454672147329812,0.1038485591344822,0.030680663008411505,0.12748202350281426
MO,0.09657368521921796,1.132909140843346,0.0012000980383746725,0.2651224718235453,0.04270729200691053,-0.03885830439648091,0.08976842151170453
NE,-0.19046684497879418,0.0012000980383746725,1.2898155718785012,-0.05788966337151319,-0.03830677844479066,-0.08943098429920114,0.06802079530261143
SD,-0.07454672147329812,0.2651224718235453,-0.05788966337151319,0.8824218707118912,0.033224072774881847,-0.15323660434441397,-0.04187233678205417
TX1,0.1038485591344822,0.04270729200691053,-0.03830677844479066,0.033224072774881847,2.3649656154867484,0.09158973599026697,0.07420874788912316
TX2,0.030680663008411505,-0.03885830439648091,-0.08943098429920114,-0.15323660434441397,0.09158973599026697,1.271724732936218,-0.013515839739790236
TX3,0.12748202350281426,0.08976842151170453,0.06802079530261143,-0.04187233678205417,0.07420874788912316,-0.013515839739790236,2.142798487433311
