 ,MI,MO,NE,OK,SD,TX1,TX2,TX3
MI,2.7230452583689186,0.10402964925279286,-0.09011466954729085,-0.08238815292921542,0.217534622867213,-0.10092627828349567,-0.08170277582582706,0.05211325107625089
MO,0.10402964925279286,2.9347623087134314,1.3348379830573485e-4,-0.03588770997218188,-0.1172799561651746,-0.012880282909403677,-0.06131338725621185,0.08019718946557133
NE,-0.09011466954729085,1.3348379830573485e-4,3.3755618079797194,-0.08383867055655789,0.1378309224189464,-0.06618163631471273,0.3851801884971928,0.04075225128214075
OK,-0.08238815292921542,-0.03588770997218188,-0.08383867055655789,4.186479974085042,-0.10943257629741203,NA,-0.01590728906935097,-0.10554923709918337
SD,0.217534622867213,-0.1172799561651746,0.1378309224189464,-0.10943257629741203,2.7292014967370486,-0.10507124534522083,-0.05590942268263217,0.1657197320422449
TX1,-0.10092627828349567,-0.012880282909403677,-0.06618163631471273,NA,-0.10507124534522083,2.5464763508742068,-0.09627633051347098,-0.12643664651359784
TX2,-0.08170277582582706,-0.06131338725621185,0.3851801884971928,-0.01590728906935097,-0.05590942268263217,-0.09627633051347098,3.403034465685497,0.13940651725127545
TX3,0.05211325107625089,0.08019718946557133,0.04075225128214075,-0.10554923709918337,0.1657197320422449,-0.12643664651359784,0.13940651725127545,1.8997545403144647
