 ,MI,MO,NE,OK,SD,TX1,TX2,TX3
MI,0.19683902891690483,-0.09696664135717445,0.14774878988675022,-0.31222775742869285,0.35678426665068874,-0.05407722556583589,-0.13713091284378395,-0.06611297399102177
MO,-0.09696664135717445,0.12350049851227186,0.0101960374430037,0.014288078881875672,0.12657346666212285,0.40479205496096166,-0.12223956512511673,0.07478652785276327
NE,0.14774878988675022,0.0101960374430037,0.2131788993822222,-0.2586979391571434,0.45565597402390223,-0.03206550056502701,-0.2332057247841568,0.0575016286444018
OK,-0.31222775742869285,0.014288078881875672,-0.2586979391571434,0.1133071929828175,-0.08496799017625892,0.3440918881836268,0.34024766004124013,0.11105593097925093
SD,0.35678426665068874,0.12657346666212285,0.45565597402390223,-0.08496799017625892,0.21331478715645952,-0.16331163568865775,-0.1739388238864094,-0.28916026535828504
TX1,-0.05407722556583589,0.40479205496096166,-0.03206550056502701,0.3440918881836268,-0.16331163568865775,0.16518814827760323,-0.1541675477402311,0.2612749885996874
TX2,-0.13713091284378395,-0.12223956512511673,-0.2332057247841568,0.34024766004124013,-0.1739388238864094,-0.1541675477402311,0.21961809654244027,0.1318038129113388
TX3,-0.06611297399102177,0.07478652785276327,0.0575016286444018,0.11105593097925093,-0.28916026535828504,0.2612749885996874,0.1318038129113388,0.11706672540909695
