 ,MI,MO,NE,OK,SD,TX1,TX2,TX3
MI,1.1707280272341736,0.03552332810332159,-0.1353621454853815,-0.08173659167633986,0.03146784477346314,-0.03889633572577186,0.10450627688348907,-0.002930646192335682
MO,0.03552332810332159,1.7652691091288395,-0.017965577353603032,-0.051123495719179436,0.2707194897102906,0.20760256610391511,0.06763514845805241,0.11786979422809575
NE,-0.1353621454853815,-0.017965577353603032,1.9818568420309566,-0.2276245002411008,-0.1339250882936944,-0.08398799016849089,-0.09345155386876394,0.18355271653327285
OK,-0.08173659167633986,-0.051123495719179436,-0.2276245002411008,1.1165196108573157,0.0884196389583953,-0.004548274231140994,-0.24669089297911753,-0.09702202396765064
SD,0.03146784477346314,0.2707194897102906,-0.1339250882936944,0.0884196389583953,2.8586477338813427,0.11367884030484263,-0.03453476184958159,-0.06631859393863668
TX1,-0.03889633572577186,0.20760256610391511,-0.08398799016849089,-0.004548274231140994,0.11367884030484263,2.9040962733680447,-0.028299793621626976,0.18171658470343743
TX2,0.10450627688348907,0.06763514845805241,-0.09345155386876394,-0.24669089297911753,-0.03453476184958159,-0.028299793621626976,1.6360355479664932,0.058794818027035844
TX3,-0.002930646192335682,0.11786979422809575,0.18355271653327285,-0.09702202396765064,-0.06631859393863668,0.18171658470343743,0.058794818027035844,2.56023086823092
