 ,MI,MO,NE,OK,SD,TX1,TX2,TX3
MI,0.6912342463399924,0.13311651593184276,-0.20136132096491943,0.08221875772781813,0.02712698107570343,0.06663721452576418,0.0922836049151082,0.15135601175504526
MO,0.13311651593184276,1.15177928339763,-0.05524425095788236,-0.17061747204977323,0.2493455339162743,0.05044924778706443,-0.0401521005906423,0.0954300153993556
NE,-0.20136132096491943,-0.05524425095788236,1.5645315994797986,0.06726408286573547,-0.05828829810107841,-0.01902030797401892,-0.1785608698097072,0.13185847307547202
OK,0.08221875772781813,-0.17061747204977323,0.06726408286573547,0.7764121963453845,0.0304960958060489,0.082170083366059,-0.23362789673758252,0.017357368993371067
SD,0.02712698107570343,0.2493455339162743,-0.05828829810107841,0.0304960958060489,1.0865142350985588,-0.013045945110705998,-0.14528885217596807,-0.053521829168778665
TX1,0.06663721452576418,0.05044924778706443,-0.01902030797401892,0.082170083366059,-0.013045945110705998,2.268006792724956,0.11927679918648729,0.08342585633712934
TX2,0.0922836049151082,-0.0401521005906423,-0.1785608698097072,-0.23362789673758252,-0.14528885217596807,0.11927679918648729,1.4130721981627008,0.012355576579932429
TX3,0.15135601175504526,0.0954300153993556,0.13185847307547202,0.017357368993371067,-0.053521829168778665,0.08342585633712934,0.012355576579932429,2.2095889093500496
