 ,MI,MO,NE,OK,SD,TX1,TX2,TX3
MI,1.0242997096489141,0.038941025636831134,-0.1345510994959233,-0.25061048581517303,0.0975459270622276,-0.23550261930067257,-0.06819939169038353,-0.10379124497152643
MO,0.038941025636831134,1.7589562328351354,-0.0040384488371751045,0.07272856407459434,0.04342291568860857,-0.15980842205588017,-0.12701712897290665,0.022540655564232317
NE,-0.1345510994959233,-0.0040384488371751045,1.78187810973815,-0.13575088399461327,-0.09302863788016809,0.051879422414755384,0.03305655411146785,0.08852765463983768
OK,-0.25061048581517303,0.07272856407459434,-0.13575088399461327,2.590216181883793,0.6129334132285958,-0.15442068561021363,0.11507479670083452,0.23203023190973696
SD,0.0975459270622276,0.04342291568860857,-0.09302863788016809,0.6129334132285958,2.4972207234423243,-0.18704760177613217,-0.07426769464704958,0.18912150606350026
TX1,-0.23550261930067257,-0.15980842205588017,0.051879422414755384,-0.15442068561021363,-0.18704760177613217,1.5107080266863229,0.11300950366585266,0.10166378298663371
TX2,-0.06819939169038353,-0.12701712897290665,0.03305655411146785,0.11507479670083452,-0.07426769464704958,0.11300950366585266,1.8816929338019739,-0.01624140984901585
TX3,-0.10379124497152643,0.022540655564232317,0.08852765463983768,0.23203023190973696,0.18912150606350026,0.10166378298663371,-0.01624140984901585,0.95665824983352
