 ,MI,MO,NE,OK,SD,TX1,TX2,TX3
MI,-0.2092361478448241,0.9262756064762053,0.9555336202829634,0.9143231031415818,0.9567409318812354,0.48533315197610505,0.817029285594382,0.8079453582983108
MO,0.9262756064762053,-0.4784577748720877,0.9050814095061965,0.9066584943237617,0.9096170646085201,0.5701653637582411,0.8480420442431256,0.7817301299036737
NE,0.9555336202829634,0.9050814095061965,-0.3221702229588288,0.9344515157725084,0.90750419185431,0.4830616152524735,0.8164633052886309,0.8185741258281349
OK,0.9143231031415818,0.9066584943237617,0.9344515157725084,-0.4467576034844495,0.891091406258728,0.4565640995212519,0.8048261185665679,0.8365478136639343
SD,0.9567409318812354,0.9096170646085201,0.90750419185431,0.891091406258728,-0.14010887034434524,0.44637665357738776,0.8268633767514023,0.8141460903119845
TX1,0.48533315197610505,0.5701653637582411,0.4830616152524735,0.4565640995212519,0.44637665357738776,-7.674283841544402,0.6566424459483622,0.5235429629767187
TX2,0.817029285594382,0.8480420442431256,0.8164633052886309,0.8048261185665679,0.8268633767514023,0.6566424459483622,-6.15320549407451,0.8276230156332678
TX3,0.8079453582983108,0.7817301299036737,0.8185741258281349,0.8365478136639343,0.8141460903119845,0.5235429629767187,0.8276230156332678,-0.945289790866927
