 ,MI,MO,NE,OK,SD,TX1,TX2,TX3
MI,1.8879158809538525,-9.053829967721183e-4,0.030270611156933303,0.02314001225040836,0.06442350239408705,0.04001930829522202,0.030230341518598314,0.05942178255149384
MO,-9.053829967721183e-4,4.836054786103925,0.02197650472502766,-0.09093432684817837,0.3819991318545575,0.47588713396118754,-0.00616819175520095,-0.03805946212145935
NE,0.030270611156933303,0.02197650472502766,2.8250067128447656,-0.10656254319790734,-0.06188446085856713,-0.05520958816025276,0.010888312026200659,-0.020494899696678705
OK,0.02314001225040836,-0.09093432684817837,-0.10656254319790734,2.400094463507588,-0.09073528820045784,-0.03366058344917261,-0.10443001774543914,-0.07546976658039685
SD,0.06442350239408705,0.3819991318545575,-0.06188446085856713,-0.09073528820045784,4.976651362112203,0.9556116005430332,0.3326474534715998,0.025480418039799304
TX1,0.04001930829522202,0.47588713396118754,-0.05520958816025276,-0.03366058344917261,0.9556116005430332,7.505153149179066,-0.03238447803137937,-0.02290971677504055
TX2,0.030230341518598314,-0.00616819175520095,0.010888312026200659,-0.10443001774543914,0.3326474534715998,-0.03238447803137937,3.7656396285276763,0.13499801752175397
TX3,0.05942178255149384,-0.03805946212145935,-0.020494899696678705,-0.07546976658039685,0.025480418039799304,-0.02290971677504055,0.13499801752175397,4.122511852136141
