 ,MI,MO,NE,OK,SD,TX1,TX2,TX3
MI,0.13446393590010022,0.25376796442440586,0.5079612007614708,0.021930431949022097,0.41859290297999924,-0.4676119180774342,-0.4087768729661487,-0.2733264905868342
MO,0.25376796442440586,0.0748481518305935,0.08054411854358787,0.18608787346572714,0.1406508987858808,-0.23041251605541402,-0.09119193905908192,-0.22801683313401463
NE,0.5079612007614708,0.08054411854358787,0.09774597044978066,-0.21827142271583483,0.3825256563528933,-0.37366234715333313,-0.4457651037983686,-0.4583863139881879
OK,0.021930431949022097,0.18608787346572714,-0.21827142271583483,0.0689826699598613,-0.16587050450699803,-0.11617684506580131,0.17962543717333304,0.05505044471785815
SD,0.41859290297999924,0.1406508987858808,0.3825256563528933,-0.16587050450699803,0.11498014460785226,-0.1981724746881398,-0.26278157857330486,-0.20471157016864133
TX1,-0.4676119180774342,-0.23041251605541402,-0.37366234715333313,-0.11617684506580131,-0.1981724746881398,0.08156578849626774,0.3305422001689969,0.36588404955160114
TX2,-0.4087768729661487,-0.09119193905908192,-0.4457651037983686,0.17962543717333304,-0.26278157857330486,0.3305422001689969,0.14677782740680068,0.3918021099019622
TX3,-0.2733264905868342,-0.22801683313401463,-0.4583863139881879,0.05505044471785815,-0.20471157016864133,0.36588404955160114,0.3918021099019622,0.07347625459696894
