 ,MI,MO,NE,SD,TX1,TX2,TX3
MI,0.24840139988141077,0.15591040693299138,-0.0390626429653976,0.2991057325477011,-0.15776687659071886,0.0025849466428663225,0.15458326805662925
MO,0.15591040693299138,0.11848933549295453,-0.1373675392597311,0.11742268257856518,-0.21144738327574955,0.14774623755881808,0.05555997988932381
NE,-0.0390626429653976,-0.1373675392597311,0.11068218614887768,0.07716086787009609,0.010336290654511322,0.09969565396023385,-0.01239139767921887
SD,0.2991057325477011,0.11742268257856518,0.07716086787009609,0.2967495877999657,-0.16062212437874035,-0.00765128492217979,0.09100088597600017
TX1,-0.15776687659071886,-0.21144738327574955,0.010336290654511322,-0.16062212437874035,0.09466259626905513,0.06138627695177069,-0.05483888666208816
TX2,0.0025849466428663225,0.14774623755881808,0.09969565396023385,-0.00765128492217979,0.06138627695177069,0.18745445998642063,0.12431545909312343
TX3,0.15458326805662925,0.05555997988932381,-0.01239139767921887,0.09100088597600017,-0.05483888666208816,0.12431545909312343,0.08571135528033473
