 ,MI,MO,NE,SD,TX1,TX2,TX3
MI,0.18787388306370587,-0.058083663273946776,0.9280492626927243,0.9393980347101315,-0.6307705309366999,-0.7738989389316132,-0.8055235761679118
MO,-0.058083663273946776,0.07543947544184332,-0.07743622441244193,-0.21371976756160646,-0.18484606818967755,0.11040675652417771,-0.03108513048642215
NE,0.9280492626927243,-0.07743622441244193,0.14320179207472994,0.9033335460672003,-0.6146507838171056,-0.7880257375364981,-0.779358348557624
SD,0.9393980347101315,-0.21371976756160646,0.9033335460672003,0.1895120985088255,-0.607495349081891,-0.8738297339034168,-0.8021842503737895
TX1,-0.6307705309366999,-0.18484606818967755,-0.6146507838171056,-0.607495349081891,0.13122616617945448,0.5459364863586739,0.60579709030833
TX2,-0.7738989389316132,0.11040675652417771,-0.7880257375364981,-0.8738297339034168,0.5459364863586739,0.19772013871950642,0.6454757702530626
TX3,-0.8055235761679118,-0.03108513048642215,-0.779358348557624,-0.8021842503737895,0.60579709030833,0.6454757702530626,0.12560277037381687
