 ,MI,MO,NE,OK,SD,TX1,TX2,TX3
MI,0.3510153527177562,0.14043306621943671,0.06810683291311205,0.5314773615594548,0.11973112982487129,-0.15292008204821644,0.21722738229589514,0.32054856232836376
MO,0.14043306621943671,0.12861967802960317,-0.1685818582887914,0.1598193546399725,0.08680142679295647,-0.5325183535999715,0.0964882413671883,0.1147930308480766
NE,0.06810683291311205,-0.1685818582887914,0.37202518882216484,0.24434973735835674,-0.04942020648202912,0.2142499491971922,-0.04652170601034534,-0.14004640063141888
OK,0.5314773615594548,0.1598193546399725,0.24434973735835674,0.32318646635775994,0.1903342651913818,0.28138633385564105,0.5164522008898602,0.24028949373638323
SD,0.11973112982487129,0.08680142679295647,-0.04942020648202912,0.1903342651913818,0.17183476065795633,0.12823933120863518,0.1698142356870928,-0.054469527653176635
TX1,-0.15292008204821644,-0.5325183535999715,0.2142499491971922,0.28138633385564105,0.12823933120863518,0.19237418344728824,0.5089230069876297,0.32859908980701746
TX2,0.21722738229589514,0.0964882413671883,-0.04652170601034534,0.5164522008898602,0.1698142356870928,0.5089230069876297,0.39218015293506364,0.3312335645971544
TX3,0.32054856232836376,0.1147930308480766,-0.14004640063141888,0.24028949373638323,-0.054469527653176635,0.32859908980701746,0.3312335645971544,0.20608905613673695
