 ,MI,MO,NE,OK,SD,TX1,TX2,TX3
MI,0.20337138190875464,0.37459362124827694,-0.08371035707296799,-0.08336984065548182,-0.06911364281248228,-0.1776623125324225,0.10428336208350537,-0.09266634445926686
MO,0.37459362124827694,0.20125912467389787,0.20240824272168395,0.18422727881825118,-0.05968944910833366,-0.08055499117124783,0.19381118555399426,-0.15079281646757015
NE,-0.08371035707296799,0.20240824272168395,0.19018883807169015,-0.14737953138726795,-0.05291670026847388,-0.08729296914062704,0.03684913964357648,0.03040437470770352
OK,-0.08336984065548182,0.18422727881825118,-0.14737953138726795,0.1651314419346774,0.21573290743789442,0.1256104702748587,0.0034978720589716535,-0.17249571930711707
SD,-0.06911364281248228,-0.05968944910833366,-0.05291670026847388,0.21573290743789442,0.19894613004943282,-0.1377447266593403,0.018886941907998736,-0.04786722100140214
TX1,-0.1776623125324225,-0.08055499117124783,-0.08729296914062704,0.1256104702748587,-0.1377447266593403,0.19008875028903485,0.02637362614731433,0.25175612012071336
TX2,0.10428336208350537,0.19381118555399426,0.03684913964357648,0.0034978720589716535,0.018886941907998736,0.02637362614731433,0.31793729913259117,-0.09035595314567815
TX3,-0.09266634445926686,-0.15079281646757015,0.03040437470770352,-0.17249571930711707,-0.04786722100140214,0.25175612012071336,-0.09035595314567815,0.35296480143820735
