 ,MI,MO,NE,OK,SD,TX1,TX2,TX3
MI,0.7441052492099987,-0.2068898038064929,-0.16429621916339351,-0.04539363183141432,0.2323482454115325,-0.01645594079186372,0.04451934002702407,0.014248698650908456
MO,-0.2068898038064929,1.7380876247206536,0.039343691866587184,0.01722092090728525,-0.28457556630978637,-0.034125590116692535,-0.03961435845913293,0.02546941947973182
NE,-0.16429621916339351,0.039343691866587184,0.9110145095088216,-0.10008271039996554,-0.14855073724154347,-0.10781401679592757,0.0130421032924821,0.07065210787358615
OK,-0.04539363183141432,0.01722092090728525,-0.10008271039996554,1.5963976362469985,0.11209094898877292,0.023176229433132876,-0.05453980422824901,0.0614123387011859
SD,0.2323482454115325,-0.28457556630978637,-0.14855073724154347,0.11209094898877292,1.0927210768370061,0.12175060094858572,-0.028607550061496758,0.054481382310341366
TX1,-0.01645594079186372,-0.034125590116692535,-0.10781401679592757,0.023176229433132876,0.12175060094858572,1.5271110786078643,0.15001307709986175,-0.10065830368475513
TX2,0.04451934002702407,-0.03961435845913293,0.0130421032924821,-0.05453980422824901,-0.028607550061496758,0.15001307709986175,3.550045515144159,-0.032943713434069495
TX3,0.014248698650908456,0.02546941947973182,0.07065210787358615,0.0614123387011859,0.054481382310341366,-0.10065830368475513,-0.032943713434069495,1.776306152109018
