 ,MI,MO,NE,OK,SD,TX1,TX2,TX3
MI,0.5355293926506233,0.03860808024810309,0.18308936292789293,-0.1815749819182745,-0.06959401823368111,-0.11449306922174436,-0.03735313111424354,0.14538980975419036
MO,0.03860808024810309,1.177002549618202,-0.0820069601822144,0.1375608185352362,-0.11971686860129194,-0.2582400989611464,-0.023579429505789444,0.0958373299225392
NE,0.18308936292789293,-0.0820069601822144,0.8905002183306346,-0.0022980898829491666,0.20065100760728333,-0.3263520859952662,0.09381898845954903,0.13141977997507717
OK,-0.1815749819182745,0.1375608185352362,-0.0022980898829491666,1.6285355932864647,-0.10763585161563863,-0.08293640244799344,-0.178239877864292,-0.1162626553149048
SD,-0.06959401823368111,-0.11971686860129194,0.20065100760728333,-0.10763585161563863,0.5295738783028349,0.010024084261967381,0.037358674622080826,-0.05420445008165023
TX1,-0.11449306922174436,-0.2582400989611464,-0.3263520859952662,-0.08293640244799344,0.010024084261967381,1.473432478517985,0.22627020921863306,-0.20836438684440514
TX2,-0.03735313111424354,-0.023579429505789444,0.09381898845954903,-0.178239877864292,0.037358674622080826,0.22627020921863306,3.4878005372765264,-0.06710137502651996
TX3,0.14538980975419036,0.0958373299225392,0.13141977997507717,-0.1162626553149048,-0.05420445008165023,-0.20836438684440514,-0.06710137502651996,2.473639232256725
