 ,MI,MO,NE,OK,SD,TX1,TX2,TX3
MI,1.355083090007675,-0.07187659337688601,-0.07374604524035475,0.012703848772939893,0.08385171873899896,-0.22543400828612936,0.02621070903725552,0.10665860560824235
MO,-0.07187659337688601,2.2545677670875794,0.2587410090971328,-0.04241313472096543,0.04036656935667233,-0.07506955812752646,-0.061636014934864244,-0.07217485072463471
NE,-0.07374604524035475,0.2587410090971328,1.5090887154674313,-0.25494541076787774,0.08107521620136249,0.25843148643208397,0.13598555252217082,0.0769324461986223
OK,0.012703848772939893,-0.04241313472096543,-0.25494541076787774,2.1813479136281795,-0.22605273317616895,-0.20779258297109954,-0.08970623209076783,-0.09374256814686124
SD,0.08385171873899896,0.04036656935667233,0.08107521620136249,-0.22605273317616895,0.822465432181887,-0.028408408149492765,0.02472779142493488,-0.055397921231517294
TX1,-0.22543400828612936,-0.07506955812752646,0.25843148643208397,-0.20779258297109954,-0.028408408149492765,2.8943208679985637,0.02451259048096403,-0.17890104723181444
TX2,0.02621070903725552,-0.061636014934864244,0.13598555252217082,-0.08970623209076783,0.02472779142493488,0.02451259048096403,6.7566366262304065,-0.07366576298808818
TX3,0.10665860560824235,-0.07217485072463471,0.0769324461986223,-0.09374256814686124,-0.055397921231517294,-0.17890104723181444,-0.07366576298808818,3.721408906779975
