 ,MI,MO,NE,OK,SD,TX1,TX2,TX3
MI,0.9776417883016928,-0.139699601718459,-0.1627696380698461,-0.019658033658167543,0.09707675960048015,0.09843186439996514,0.0753838084985915,-0.0433252018216184
MO,-0.139699601718459,1.8501654863561325,-0.01816931694171246,-0.0457238808443054,-0.2603668785293684,-0.04975432493133192,-0.04773432229245632,-0.005037092062085758
NE,-0.1627696380698461,-0.01816931694171246,1.144003296147117,-0.05994791375760607,-0.139634189856134,-0.1955960973862301,8.527677220125072e-4,0.016993870324132593
OK,-0.019658033658167543,-0.0457238808443054,-0.05994791375760607,1.8934402477528107,0.16932379944414397,-0.10652134034237899,0.018251507720576283,0.12647921960691438
SD,0.09707675960048015,-0.2603668785293684,-0.139634189856134,0.16932379944414397,1.2255691819549188,0.12815781361223594,-0.09717129981508307,0.0941419131555541
TX1,0.09843186439996514,-0.04975432493133192,-0.1955960973862301,-0.10652134034237899,0.12815781361223594,2.2743203772706426,0.1603063352306623,-0.1260661014662181
TX2,0.0753838084985915,-0.04773432229245632,8.527677220125072e-4,0.018251507720576283,-0.09717129981508307,0.1603063352306623,4.301046027502616,-0.03140301614943736
TX3,-0.0433252018216184,-0.005037092062085758,0.016993870324132593,0.12647921960691438,0.0941419131555541,-0.1260661014662181,-0.03140301614943736,2.3484619968538
