 ,MI,MO,NE,OK,SD,TX1,TX2,TX3
MI,0.19706797324546738,-0.16430147022526437,-0.053248297994209215,0.23205809977946734,-0.12490113251478586,-0.19992356727654143,-0.007152874299356721,-0.11435513878571461
MO,-0.16430147022526437,0.1822226999131551,-0.24272400602953909,0.09181429717213857,0.1633738186224588,-0.11485526075322505,-0.30424764122627895,-0.02480777553669415
NE,-0.053248297994209215,-0.24272400602953909,0.2798998100988895,0.22176902570133658,0.06196346350148427,0.22454080573404317,0.0750234977133552,0.33513898238187323
OK,0.23205809977946734,0.09181429717213857,0.22176902570133658,0.20107907712412249,-0.24338240952210824,0.41322696741450415,0.11401166041694537,-0.19798336292506272
SD,-0.12490113251478586,0.1633738186224588,0.06196346350148427,-0.24338240952210824,0.21566985446740014,0.13181277369429362,-0.2232543875449765,0.20328510012754328
TX1,-0.19992356727654143,-0.11485526075322505,0.22454080573404317,0.41322696741450415,0.13181277369429362,0.2976274497658072,0.22958452260560838,0.2053684369228571
TX2,-0.007152874299356721,-0.30424764122627895,0.0750234977133552,0.11401166041694537,-0.2232543875449765,0.22958452260560838,0.2655376417089539,0.01672017438263126
TX3,-0.11435513878571461,-0.02480777553669415,0.33513898238187323,-0.19798336292506272,0.20328510012754328,0.2053684369228571,0.01672017438263126,0.22403553491608938
