 ,MI,MO,NE,OK,SD,TX1,TX2,TX3
MI,0.2202082996670502,0.1318391199018348,0.09556031657250663,0.5487698598001615,-0.06490031718181154,-0.0934503915618843,0.2763024282652919,0.35632947230752116
MO,0.1318391199018348,0.17645865551531906,-0.07870861501241339,0.18884650073104187,0.10978243334957727,0.06693841365540673,0.16135326368883368,0.17399905905411803
NE,0.09556031657250663,-0.07870861501241339,0.10792427477093616,0.25496117419379377,-0.08735608233824538,0.3815404981269169,-0.11315575486707635,-0.15272744526580534
OK,0.5487698598001615,0.18884650073104187,0.25496117419379377,0.39868472989271864,-0.17109707279033182,0.37155399068516626,0.5608785149030293,0.29504511570539854
SD,-0.06490031718181154,0.10978243334957727,-0.08735608233824538,-0.17109707279033182,0.1386541343196765,0.14882278466143303,0.16652913248049242,-0.10469708627715835
TX1,-0.0934503915618843,0.06693841365540673,0.3815404981269169,0.37155399068516626,0.14882278466143303,0.16564434536384381,0.5257713395700282,0.4524524230391794
TX2,0.2763024282652919,0.16135326368883368,-0.11315575486707635,0.5608785149030293,0.16652913248049242,0.5257713395700282,0.30969358424516485,0.302999299005729
TX3,0.35632947230752116,0.17399905905411803,-0.15272744526580534,0.29504511570539854,-0.10469708627715835,0.4524524230391794,0.302999299005729,0.27435051492487655
