 ,MI,MO,NE,SD,TX1,TX2,TX3
MI,0.5974288559528721,-0.06750456811788719,-0.18158997980978667,0.37833679848241525,0.12562376855046736,0.024687280507008483,-0.01183153244786615
MO,-0.06750456811788719,1.2399102213759634,-0.0435185687016262,-0.09122197726095253,-0.017049899253037112,-0.03220728385854566,0.06870319426259801
NE,-0.18158997980978667,-0.0435185687016262,0.8190923543140757,-0.16926687667799822,-0.08643534494665718,-0.08987233190430641,0.047117791357425956
SD,0.37833679848241525,-0.09122197726095253,-0.16926687667799822,0.9023159971661007,0.17964318647806238,-4.5853027147084457e-4,0.0283131104899743
TX1,0.12562376855046736,-0.017049899253037112,-0.08643534494665718,0.17964318647806238,1.4639081816930724,0.13551944689761763,-0.13899917375429846
TX2,0.024687280507008483,-0.03220728385854566,-0.08987233190430641,-4.5853027147084457e-4,0.13551944689761763,2.5038580360571,-0.01814396375143323
TX3,-0.01183153244786615,0.06870319426259801,0.047117791357425956,0.0283131104899743,-0.13899917375429846,-0.01814396375143323,1.626683207094555
