"","MI","MO","NE","OK","SD","TX1","TX2","TX3"
"MI",0.999931804547672,0.51743120608151,0.309721636168545,0.0996561692329506,0.286465149111817,0.037981850390982,0.16904845752908,0.215284414406682
"MO",0.51743120608151,0.999931804547672,0.378625923660856,0.162744607387442,0.401174140425841,-0.00326778222041278,0.19870886061586,0.252922965278458
"NE",0.309721636168545,0.378625923660856,0.999931804547672,0.255182244946899,0.638632199533858,-0.173890135419309,-0.0227506164306594,0.204130597519861
"OK",0.0996561692329506,0.162744607387442,0.255182244946899,0.999931804547672,0.241506151179996,-0.0739399091230455,0.0619136026408254,0.164573881547706
"SD",0.286465149111817,0.401174140425841,0.638632199533858,0.241506151179996,0.999931804547672,-0.326943679384967,-0.0564854002461488,0.15928702840329
"TX1",0.037981850390982,-0.00326778222041278,-0.173890135419309,-0.0739399091230455,-0.326943679384967,0.999931804547672,0.161712416932962,0.165488969571121
"TX2",0.16904845752908,0.19870886061586,-0.0227506164306594,0.0619136026408254,-0.0564854002461488,0.161712416932962,0.999931804547672,0.208628454040431
"TX3",0.215284414406682,0.252922965278458,0.204130597519861,0.164573881547706,0.15928702840329,0.165488969571121,0.208628454040431,0.999931804547672
