"","MI","MO","NE","OK","SD","TX1","TX2","TX3"
"MI",0.999931804547672,0.514587569187624,0.308537104345962,0.0977756749896672,0.285188323568916,0.0256094570192682,0.155845565126386,0.206627202802135
"MO",0.514587569187624,0.999931804547672,0.372359230787698,0.160176312612396,0.395066398099549,-0.0133999096477892,0.189025239801571,0.244783903707513
"NE",0.308537104345962,0.372359230787698,0.999931804547672,0.252481938625925,0.637792146979202,-0.193404547075265,-0.0391704094621624,0.191895833372149
"OK",0.0977756749896672,0.160176312612396,0.252481938625925,0.999931804547672,0.238378556450361,-0.0771180299085724,0.0605389384670039,0.159495326066428
"SD",0.285188323568916,0.395066398099549,0.637792146979202,0.238378556450361,0.999931804547672,-0.346646003150011,-0.0760015011986056,0.144824883720019
"TX1",0.0256094570192682,-0.0133999096477892,-0.193404547075265,-0.0771180299085724,-0.346646003150011,0.999931804547672,0.177037272505164,0.161874007416976
"TX2",0.155845565126386,0.189025239801571,-0.0391704094621624,0.0605389384670039,-0.0760015011986056,0.177037272505164,0.999931804547672,0.21800499964218
"TX3",0.206627202802135,0.244783903707513,0.191895833372149,0.159495326066428,0.144824883720019,0.161874007416976,0.21800499964218,0.999931804547672
